method,model_name,task_name,seed,train_subset_size,primary_metric_name,primary_metric,trainable_parameters,trainable_percentage,epoch,eval_accuracy,eval_loss,eval_matthews_correlation,eval_primary_metric,eval_runtime,eval_samples_per_second,eval_steps_per_second,eval_f1
bitfit,bert-base-uncased,cola,1024,500,matthews_correlation,0.23303227029913817,104450,0.09540226132861436,10.0,0.7171620325982742,0.5964890122413635,0.23303227029913817,0.23303227029913817,0.7677,1358.544,85.967,
bitfit,bert-base-uncased,cola,123,500,matthews_correlation,0.24827621061944255,104450,0.09540226132861436,10.0,0.7229146692233941,0.6373146176338196,0.24827621061944255,0.24827621061944255,1.2007,868.667,54.968,
bitfit,bert-base-uncased,cola,42,500,matthews_correlation,0.2808231208963771,104450,0.09540226132861436,10.0,0.7305848513902206,0.6871466636657715,0.2808231208963771,0.2808231208963771,1.0439,999.122,63.223,
bitfit,bert-base-uncased,cola,456,500,matthews_correlation,0.19491696791929794,104450,0.09540226132861436,10.0,0.7114093959731543,0.6026841998100281,0.19491696791929794,0.19491696791929794,1.7609,592.321,37.481,
bitfit,bert-base-uncased,cola,789,500,matthews_correlation,0.17458831044595108,104450,0.09540226132861436,10.0,0.7075743048897412,0.6655568480491638,0.17458831044595108,0.17458831044595108,1.1218,929.746,58.833,
full_ft,bert-base-uncased,cola,1024,500,matthews_correlation,0.2813373149696202,109483778,100.0,3.0,0.7142857142857143,0.590182363986969,0.2813373149696202,0.2813373149696202,1.1958,872.249,55.195,
full_ft,bert-base-uncased,cola,123,500,matthews_correlation,0.3594552668244613,109483778,100.0,3.0,0.7526366251198466,0.5973761081695557,0.3594552668244613,0.3594552668244613,0.9181,1136.089,71.891,
full_ft,bert-base-uncased,cola,42,500,matthews_correlation,0.34773686612908533,109483778,100.0,3.0,0.7488015340364333,0.6685835719108582,0.34773686612908533,0.34773686612908533,0.7591,1373.98,86.944,
full_ft,bert-base-uncased,cola,456,500,matthews_correlation,0.23962319473099683,109483778,100.0,3.0,0.7209971236816874,0.5638731122016907,0.23962319473099683,0.23962319473099683,0.8329,1252.197,79.238,
full_ft,bert-base-uncased,cola,789,500,matthews_correlation,0.30777628659792017,109483778,100.0,3.0,0.738255033557047,0.568021833896637,0.30777628659792017,0.30777628659792017,0.8408,1240.558,78.501,
gradaware_lora,bert-base-uncased,cola,1024,500,matthews_correlation,0.3972655223454204,296450,0.2700395193203643,10.0,0.763183125599233,0.8196132779121399,0.3972655223454204,0.3972655223454204,0.9358,1114.559,70.528,
gradaware_lora,bert-base-uncased,cola,123,500,matthews_correlation,0.3945310342011491,296450,0.2700395193203643,10.0,0.7641418983700863,0.8242605328559875,0.3945310342011491,0.3945310342011491,0.9667,1078.968,68.276,
gradaware_lora,bert-base-uncased,cola,42,500,matthews_correlation,0.33585812828157013,296450,0.2700395193203643,10.0,0.7459252157238735,0.9096094965934753,0.33585812828157013,0.33585812828157013,0.9665,1079.112,68.285,
gradaware_lora,bert-base-uncased,cola,456,500,matthews_correlation,0.3768849092974155,296450,0.2700395193203643,10.0,0.7583892617449665,0.8015660047531128,0.3768849092974155,0.3768849092974155,0.9798,1064.539,67.363,
gradaware_lora,bert-base-uncased,cola,789,500,matthews_correlation,0.2861838840234212,296450,0.2700395193203643,10.0,0.7325023969319271,0.9667561054229736,0.2861838840234212,0.2861838840234212,1.0072,1035.529,65.527,
lora,bert-base-uncased,cola,1024,500,matthews_correlation,0.36386957206603754,296450,0.2700395193203643,10.0,0.75071907957814,0.7823035717010498,0.36386957206603754,0.36386957206603754,2.7326,381.684,24.153,
lora,bert-base-uncased,cola,123,500,matthews_correlation,0.38613653119303804,296450,0.2700395193203643,10.0,0.7612655800575263,0.8392069339752197,0.38613653119303804,0.38613653119303804,0.9974,1045.741,66.173,
lora,bert-base-uncased,cola,42,500,matthews_correlation,0.32891149753589877,296450,0.2700395193203643,10.0,0.7440076701821668,0.9273836016654968,0.32891149753589877,0.32891149753589877,1.0009,1042.059,65.94,
lora,bert-base-uncased,cola,456,500,matthews_correlation,0.36155446443050376,296450,0.2700395193203643,10.0,0.7535953978907,0.7687424421310425,0.36155446443050376,0.36155446443050376,0.9069,1150.061,72.775,
lora,bert-base-uncased,cola,789,500,matthews_correlation,0.30159581039675487,296450,0.2700395193203643,10.0,0.7363374880153404,0.9603567719459534,0.30159581039675487,0.30159581039675487,0.9717,1073.358,67.921,
topheavy_lora,bert-base-uncased,cola,1024,500,matthews_correlation,0.3653477747079991,296450,0.2700395193203643,10.0,0.7526366251198466,0.7777054905891418,0.3653477747079991,0.3653477747079991,0.9876,1056.131,66.831,
topheavy_lora,bert-base-uncased,cola,123,500,matthews_correlation,0.38276695093199337,296450,0.2700395193203643,10.0,0.7603068072866731,0.8406432271003723,0.38276695093199337,0.38276695093199337,1.7625,591.781,37.447,
topheavy_lora,bert-base-uncased,cola,42,500,matthews_correlation,0.36692680637557235,296450,0.2700395193203643,10.0,0.7555129434324065,0.8931590914726257,0.36692680637557235,0.36692680637557235,1.0743,970.838,61.434,
topheavy_lora,bert-base-uncased,cola,456,500,matthews_correlation,0.3321351760221421,296450,0.2700395193203643,10.0,0.7440076701821668,0.8058501482009888,0.3321351760221421,0.3321351760221421,1.1673,893.546,56.543,
topheavy_lora,bert-base-uncased,cola,789,500,matthews_correlation,0.2909128313548888,296450,0.2700395193203643,10.0,0.7334611697027804,0.9883328676223755,0.2909128313548888,0.2909128313548888,1.5518,672.129,42.532,
bitfit,distilbert-base-uncased,cola,1024,500,matthews_correlation,0.27874537021618057,643586,0.961221572515634,10.0,0.7219558964525408,0.6356133222579956,0.27874537021618057,0.27874537021618057,0.8063,1293.493,81.851,
bitfit,distilbert-base-uncased,cola,123,500,matthews_correlation,0.28869453824835867,643586,0.961221572515634,10.0,0.7315436241610739,0.7215172052383423,0.28869453824835867,0.28869453824835867,0.8359,1247.826,78.961,
bitfit,distilbert-base-uncased,cola,42,500,matthews_correlation,0.24658267515219381,643586,0.961221572515634,10.0,0.716203259827421,0.7182372808456421,0.24658267515219381,0.24658267515219381,0.7593,1373.658,86.924,
bitfit,distilbert-base-uncased,cola,456,500,matthews_correlation,0.23339883669757286,643586,0.961221572515634,10.0,0.7142857142857143,0.6729159951210022,0.23339883669757286,0.23339883669757286,0.6281,1660.604,105.081,
bitfit,distilbert-base-uncased,cola,789,500,matthews_correlation,0.21946376374401055,643586,0.961221572515634,10.0,0.713326941514861,0.7250960469245911,0.21946376374401055,0.21946376374401055,0.6738,1548.05,97.959,
full_ft,distilbert-base-uncased,cola,1024,500,matthews_correlation,0.1301666971998502,66955010,100.0,3.0,0.6931927133269415,0.5759195685386658,0.1301666971998502,0.1301666971998502,0.6,1738.346,110.001,
full_ft,distilbert-base-uncased,cola,123,500,matthews_correlation,0.0,66955010,100.0,3.0,0.6912751677852349,0.6562843918800354,0.0,0.0,0.6282,1660.249,105.059,
full_ft,distilbert-base-uncased,cola,42,500,matthews_correlation,0.1756253279168749,66955010,100.0,3.0,0.7075743048897412,0.623465895652771,0.1756253279168749,0.1756253279168749,0.9304,1120.989,70.935,
full_ft,distilbert-base-uncased,cola,456,500,matthews_correlation,0.20980088086668114,66955010,100.0,3.0,0.7142857142857143,0.5867036581039429,0.20980088086668114,0.20980088086668114,0.8725,1195.369,75.642,
full_ft,distilbert-base-uncased,cola,789,500,matthews_correlation,0.0,66955010,100.0,3.0,0.6912751677852349,0.6208865642547607,0.0,0.0,0.4922,2118.952,134.085,
gradaware_lora,distilbert-base-uncased,cola,1024,500,matthews_correlation,0.2963084792305036,739586,1.0925332946813067,10.0,0.7200383509108341,0.9508967995643616,0.2963084792305036,0.2963084792305036,1.061,983.08,62.208,
gradaware_lora,distilbert-base-uncased,cola,1024,500,matthews_correlation,0.2963084792305036,739586,1.0925332946813067,10.0,0.7200383509108341,0.9508967995643616,0.2963084792305036,0.2963084792305036,0.6104,1708.782,108.13,
gradaware_lora,distilbert-base-uncased,cola,123,500,matthews_correlation,0.28563205054053603,739586,1.0925332946813067,10.0,0.7248322147651006,1.0922397375106812,0.28563205054053603,0.28563205054053603,1.2768,816.885,51.692,
gradaware_lora,distilbert-base-uncased,cola,123,500,matthews_correlation,0.28563205054053603,739586,1.0925332946813067,10.0,0.7248322147651006,1.0922397375106812,0.28563205054053603,0.28563205054053603,0.6528,1597.716,101.102,
gradaware_lora,distilbert-base-uncased,cola,42,500,matthews_correlation,0.28478501314230686,739586,1.0925332946813067,10.0,0.7248322147651006,1.0258502960205078,0.28478501314230686,0.28478501314230686,0.8023,1299.942,82.259,
gradaware_lora,distilbert-base-uncased,cola,42,500,matthews_correlation,0.28478501314230686,739586,1.0925332946813067,10.0,0.7248322147651006,1.0258502960205078,0.28478501314230686,0.28478501314230686,0.6012,1734.971,109.787,
gradaware_lora,distilbert-base-uncased,cola,456,500,matthews_correlation,0.28641560633509966,739586,1.0925332946813067,10.0,0.7277085330776606,0.9362269639968872,0.28641560633509966,0.28641560633509966,0.7925,1316.108,83.282,
gradaware_lora,distilbert-base-uncased,cola,456,500,matthews_correlation,0.28641560633509966,739586,1.0925332946813067,10.0,0.7277085330776606,0.9362269639968872,0.28641560633509966,0.28641560633509966,0.6105,1708.373,108.104,
gradaware_lora,distilbert-base-uncased,cola,789,500,matthews_correlation,0.22839800300267465,739586,1.0925332946813067,10.0,0.7114093959731543,1.143399953842163,0.22839800300267465,0.22839800300267465,1.0158,1026.765,64.973,
gradaware_lora,distilbert-base-uncased,cola,789,500,matthews_correlation,0.22839800300267465,739586,1.0925332946813067,10.0,0.7114093959731543,1.143399953842163,0.22839800300267465,0.22839800300267465,0.6022,1731.846,109.589,
lora,distilbert-base-uncased,cola,1024,500,matthews_correlation,0.2814761662567701,739586,1.0925332946813067,10.0,0.713326941514861,0.9321296811103821,0.2814761662567701,0.2814761662567701,1.0204,1022.148,64.681,
lora,distilbert-base-uncased,cola,1024,500,matthews_correlation,0.2814761662567701,739586,1.0925332946813067,10.0,0.713326941514861,0.9321296811103821,0.2814761662567701,0.2814761662567701,0.5678,1836.765,116.229,
lora,distilbert-base-uncased,cola,123,500,matthews_correlation,0.28712183377872585,739586,1.0925332946813067,10.0,0.725790987535954,1.0771880149841309,0.28712183377872585,0.28712183377872585,1.1254,926.745,58.643,
lora,distilbert-base-uncased,cola,123,500,matthews_correlation,0.28712183377872585,739586,1.0925332946813067,10.0,0.725790987535954,1.0771880149841309,0.28712183377872585,0.28712183377872585,0.5893,1770.026,112.006,
lora,distilbert-base-uncased,cola,42,500,matthews_correlation,0.29500136212528794,739586,1.0925332946813067,10.0,0.7286673058485139,0.9985944032669067,0.29500136212528794,0.29500136212528794,0.6069,1718.463,108.743,
lora,distilbert-base-uncased,cola,42,500,matthews_correlation,0.29500136212528794,739586,1.0925332946813067,10.0,0.7286673058485139,0.9985944032669067,0.29500136212528794,0.29500136212528794,2.2827,456.909,28.913,
lora,distilbert-base-uncased,cola,456,500,matthews_correlation,0.2617780929941614,739586,1.0925332946813067,10.0,0.7200383509108341,0.9727796316146851,0.2617780929941614,0.2617780929941614,0.9782,1066.266,67.472,
lora,distilbert-base-uncased,cola,456,500,matthews_correlation,0.2617780929941614,739586,1.0925332946813067,10.0,0.7200383509108341,0.9727796316146851,0.2617780929941614,0.2617780929941614,0.5794,1800.061,113.906,
lora,distilbert-base-uncased,cola,789,500,matthews_correlation,0.23957463000844328,739586,1.0925332946813067,10.0,0.7152444870565676,1.1346569061279297,0.23957463000844328,0.23957463000844328,0.9968,1046.353,66.212,
lora,distilbert-base-uncased,cola,789,500,matthews_correlation,0.23957463000844328,739586,1.0925332946813067,10.0,0.7152444870565676,1.1346569061279297,0.23957463000844328,0.23957463000844328,0.6007,1736.393,109.877,
topheavy_lora,distilbert-base-uncased,cola,1024,500,matthews_correlation,0.28728961154323857,739586,1.0925332946813067,10.0,0.7181208053691275,0.9117441773414612,0.28728961154323857,0.28728961154323857,0.6366,1638.288,103.669,
topheavy_lora,distilbert-base-uncased,cola,123,500,matthews_correlation,0.294215594152386,739586,1.0925332946813067,10.0,0.7286673058485139,1.086173415184021,0.294215594152386,0.294215594152386,1.2867,810.595,51.294,
topheavy_lora,distilbert-base-uncased,cola,42,500,matthews_correlation,0.28478501314230686,739586,1.0925332946813067,10.0,0.7248322147651006,1.0078130960464478,0.28478501314230686,0.28478501314230686,1.4736,707.781,44.788,
topheavy_lora,distilbert-base-uncased,cola,456,500,matthews_correlation,0.2617780929941614,739586,1.0925332946813067,10.0,0.7200383509108341,0.9753453731536865,0.2617780929941614,0.2617780929941614,0.8198,1272.22,80.505,
topheavy_lora,distilbert-base-uncased,cola,789,500,matthews_correlation,0.24304544654485274,739586,1.0925332946813067,10.0,0.716203259827421,1.1066093444824219,0.24304544654485274,0.24304544654485274,0.9037,1154.124,73.032,
bitfit,roberta-base,cola,1024,500,matthews_correlation,0.3986722481537282,694274,0.5569913861662483,10.0,0.7651006711409396,0.5319100022315979,0.3986722481537282,0.3986722481537282,0.809,1289.212,81.58,
bitfit,roberta-base,cola,123,500,matthews_correlation,0.2478080198202608,694274,0.5569913861662483,10.0,0.7229146692233941,0.6328076124191284,0.2478080198202608,0.2478080198202608,0.7788,1339.296,84.749,
bitfit,roberta-base,cola,42,500,matthews_correlation,0.37303996318163357,694274,0.5569913861662483,10.0,0.7574304889741131,0.7057746648788452,0.37303996318163357,0.37303996318163357,0.6957,1499.15,94.865,
bitfit,roberta-base,cola,456,500,matthews_correlation,0.37608632562117483,694274,0.5569913861662483,10.0,0.7583892617449665,0.5852831602096558,0.37608632562117483,0.37608632562117483,0.7317,1425.533,90.206,
bitfit,roberta-base,cola,789,500,matthews_correlation,0.3217362123934227,694274,0.5569913861662483,10.0,0.7420901246404602,0.7416872978210449,0.3217362123934227,0.3217362123934227,0.7691,1356.063,85.81,
full_ft,roberta-base,cola,1024,500,matthews_correlation,0.0,124647170,100.0,3.0,0.6912751677852349,0.5992810726165771,0.0,0.0,0.9592,1087.31,68.804,
full_ft,roberta-base,cola,123,500,matthews_correlation,0.0,124647170,100.0,3.0,0.6912751677852349,0.7058454155921936,0.0,0.0,0.9908,1052.706,66.614,
full_ft,roberta-base,cola,42,500,matthews_correlation,0.0,124647170,100.0,3.0,0.6912751677852349,0.6378286480903625,0.0,0.0,0.9933,1050.037,66.445,
full_ft,roberta-base,cola,456,500,matthews_correlation,0.22111601236634604,124647170,100.0,3.0,0.716203259827421,0.5765388011932373,0.22111601236634604,0.22111601236634604,1.0561,987.631,62.496,
full_ft,roberta-base,cola,789,500,matthews_correlation,0.1763238091552522,124647170,100.0,3.0,0.7066155321188878,0.7473772764205933,0.1763238091552522,0.1763238091552522,0.9731,1071.789,67.822,
gradaware_lora,roberta-base,cola,1024,500,matthews_correlation,0.48848785650378773,887042,0.7066137476531099,10.0,0.7957813998082455,0.7989673614501953,0.48848785650378773,0.48848785650378773,0.9126,1142.927,72.323,
gradaware_lora,roberta-base,cola,123,500,matthews_correlation,0.39950616612594125,887042,0.7066137476531099,10.0,0.7651006711409396,1.0221912860870361,0.39950616612594125,0.39950616612594125,1.012,1030.637,65.218,
gradaware_lora,roberta-base,cola,42,500,matthews_correlation,0.40036786721732714,887042,0.7066137476531099,10.0,0.7651006711409396,1.2902108430862427,0.40036786721732714,0.40036786721732714,1.009,1033.714,65.412,
gradaware_lora,roberta-base,cola,456,500,matthews_correlation,0.4419038227281786,887042,0.7066137476531099,10.0,0.7794822627037392,0.9612404108047485,0.4419038227281786,0.4419038227281786,0.9237,1129.099,71.448,
gradaware_lora,roberta-base,cola,789,500,matthews_correlation,0.4033069994554583,887042,0.7066137476531099,10.0,0.7670182166826462,1.3127423524856567,0.4033069994554583,0.4033069994554583,0.9788,1065.633,67.432,
lora,roberta-base,cola,1024,500,matthews_correlation,0.46425965709454886,887042,0.7066137476531099,10.0,0.7871524448705657,0.7677527666091919,0.46425965709454886,0.46425965709454886,0.9676,1077.888,68.208,
lora,roberta-base,cola,123,500,matthews_correlation,0.39730973802899294,887042,0.7066137476531099,10.0,0.7641418983700863,0.974952220916748,0.39730973802899294,0.39730973802899294,1.027,1015.611,64.267,
lora,roberta-base,cola,42,500,matthews_correlation,0.3641002176705668,887042,0.7066137476531099,10.0,0.7545541706615532,1.2937002182006836,0.3641002176705668,0.3641002176705668,1.0143,1028.339,65.072,
lora,roberta-base,cola,456,500,matthews_correlation,0.4386209168112411,887042,0.7066137476531099,10.0,0.7785234899328859,0.975739598274231,0.4386209168112411,0.4386209168112411,0.9203,1133.364,71.718,
lora,roberta-base,cola,789,500,matthews_correlation,0.40952963024568617,887042,0.7066137476531099,10.0,0.7689357622243528,1.2591708898544312,0.40952963024568617,0.40952963024568617,0.9544,1092.885,69.157,
topheavy_lora,roberta-base,cola,1024,500,matthews_correlation,0.4691968717259682,887042,0.7066137476531099,10.0,0.7890699904122723,0.7902432084083557,0.4691968717259682,0.4691968717259682,1.1133,936.889,59.285,
topheavy_lora,roberta-base,cola,123,500,matthews_correlation,0.38721500375896933,887042,0.7066137476531099,10.0,0.7612655800575263,0.968385636806488,0.38721500375896933,0.38721500375896933,1.07,974.746,61.681,
topheavy_lora,roberta-base,cola,42,500,matthews_correlation,0.3750769421645332,887042,0.7066137476531099,10.0,0.7574304889741131,1.3124372959136963,0.3750769421645332,0.3750769421645332,1.0529,990.635,62.686,
topheavy_lora,roberta-base,cola,456,500,matthews_correlation,0.44753468131064017,887042,0.7066137476531099,10.0,0.7813998082454459,0.9512262344360352,0.44753468131064017,0.44753468131064017,1.081,964.825,61.053,
topheavy_lora,roberta-base,cola,789,500,matthews_correlation,0.39755770260750173,887042,0.7066137476531099,10.0,0.7651006711409396,1.350883960723877,0.39755770260750173,0.39755770260750173,1.0652,979.122,61.958,
bitfit,bert-base-uncased,mrpc,1024,500,f1,0.8173076923076923,104450,0.09540226132861436,10.0,0.7205882352941176,0.5908694267272949,,0.8173076923076923,0.3504,1164.48,74.207,0.8173076923076923
bitfit,bert-base-uncased,mrpc,123,500,f1,0.8240887480190174,104450,0.09540226132861436,10.0,0.7279411764705882,0.6399544477462769,,0.8240887480190174,0.4609,885.318,56.417,0.8240887480190174
bitfit,bert-base-uncased,mrpc,42,500,f1,0.82793867120954,104450,0.09540226132861436,10.0,0.7524509803921569,0.5541039109230042,,0.82793867120954,0.3807,1071.806,68.301,0.82793867120954
bitfit,bert-base-uncased,mrpc,456,500,f1,0.832520325203252,104450,0.09540226132861436,10.0,0.7475490196078431,0.5658403038978577,,0.832520325203252,0.3024,1349.204,85.979,0.832520325203252
bitfit,bert-base-uncased,mrpc,789,500,f1,0.8244514106583072,104450,0.09540226132861436,10.0,0.7254901960784313,0.6064450740814209,,0.8244514106583072,0.4813,847.617,54.015,0.8244514106583072
full_ft,bert-base-uncased,mrpc,1024,500,f1,0.8137254901960784,109483778,100.0,3.0,0.7205882352941176,0.5867119431495667,,0.8137254901960784,0.3433,1188.329,75.727,0.8137254901960784
full_ft,bert-base-uncased,mrpc,123,500,f1,0.834375,109483778,100.0,3.0,0.7401960784313726,0.6176692247390747,,0.834375,0.3947,1033.633,65.869,0.834375
full_ft,bert-base-uncased,mrpc,42,500,f1,0.82,109483778,100.0,3.0,0.7352941176470589,0.553075909614563,,0.82,0.3754,1086.843,69.26,0.82
full_ft,bert-base-uncased,mrpc,456,500,f1,0.8395061728395061,109483778,100.0,3.0,0.7450980392156863,0.587048351764679,,0.8395061728395061,0.4581,890.677,56.759,0.8395061728395061
full_ft,bert-base-uncased,mrpc,789,500,f1,0.8293413173652695,109483778,100.0,3.0,0.7205882352941176,0.6686390042304993,,0.8293413173652695,0.4436,919.695,58.608,0.8293413173652695
gradaware_lora,bert-base-uncased,mrpc,1024,500,f1,0.8173076923076923,296450,0.2700395193203643,10.0,0.7205882352941176,0.7845456600189209,,0.8173076923076923,0.4318,944.96,60.218,0.8173076923076923
gradaware_lora,bert-base-uncased,mrpc,123,500,f1,0.8379705400981997,296450,0.2700395193203643,10.0,0.7573529411764706,0.865126371383667,,0.8379705400981997,0.4,1020.096,65.006,0.8379705400981997
gradaware_lora,bert-base-uncased,mrpc,123,500,f1,0.8360655737704918,296450,0.2700395193203643,10.0,0.7549019607843137,0.8686617612838745,,0.8360655737704918,0.3926,1039.325,66.231,0.8360655737704918
gradaware_lora,bert-base-uncased,mrpc,42,500,f1,0.8444444444444444,296450,0.2700395193203643,10.0,0.7769607843137255,0.6318714022636414,,0.8444444444444444,0.4161,980.558,62.487,0.8444444444444444
gradaware_lora,bert-base-uncased,mrpc,42,500,f1,0.8444444444444444,296450,0.2700395193203643,10.0,0.7769607843137255,0.6324756145477295,,0.8444444444444444,0.3961,1030.157,65.647,0.8444444444444444
gradaware_lora,bert-base-uncased,mrpc,456,500,f1,0.8322368421052632,296450,0.2700395193203643,10.0,0.75,0.6205065846443176,,0.8322368421052632,0.402,1014.827,64.67,0.8322368421052632
gradaware_lora,bert-base-uncased,mrpc,456,500,f1,0.839344262295082,296450,0.2700395193203643,10.0,0.7598039215686274,0.618876576423645,,0.839344262295082,0.3807,1071.838,68.303,0.839344262295082
gradaware_lora,bert-base-uncased,mrpc,789,500,f1,0.8165869218500797,296450,0.2700395193203643,10.0,0.7181372549019608,0.7839128375053406,,0.8165869218500797,0.3921,1040.484,66.305,0.8165869218500797
lora,bert-base-uncased,mrpc,1024,500,f1,0.8205128205128205,296450,0.2700395193203643,10.0,0.7254901960784313,0.7506869435310364,,0.8205128205128205,0.3832,1064.748,67.852,0.8205128205128205
lora,bert-base-uncased,mrpc,123,500,f1,0.8398692810457516,296450,0.2700395193203643,10.0,0.7598039215686274,0.8678787350654602,,0.8398692810457516,0.4116,991.289,63.17,0.8398692810457516
lora,bert-base-uncased,mrpc,42,500,f1,0.8287671232876712,296450,0.2700395193203643,10.0,0.7549019607843137,0.6288731694221497,,0.8287671232876712,0.446,914.841,58.299,0.8287671232876712
lora,bert-base-uncased,mrpc,456,500,f1,0.8379705400981997,296450,0.2700395193203643,10.0,0.7573529411764706,0.6370590329170227,,0.8379705400981997,0.3705,1101.17,70.173,0.8379705400981997
lora,bert-base-uncased,mrpc,789,500,f1,0.8306709265175719,296450,0.2700395193203643,10.0,0.7401960784313726,0.7808456420898438,,0.8306709265175719,0.4485,909.731,57.973,0.8306709265175719
topheavy_lora,bert-base-uncased,mrpc,1024,500,f1,0.819935691318328,296450,0.2700395193203643,10.0,0.7254901960784313,0.7767000198364258,,0.819935691318328,0.4342,939.746,59.886,0.819935691318328
topheavy_lora,bert-base-uncased,mrpc,123,500,f1,0.8403908794788274,296450,0.2700395193203643,10.0,0.7598039215686274,0.8791490197181702,,0.8403908794788274,0.523,780.075,49.711,0.8403908794788274
topheavy_lora,bert-base-uncased,mrpc,42,500,f1,0.8336192109777015,296450,0.2700395193203643,10.0,0.7622549019607843,0.6468109488487244,,0.8336192109777015,0.5073,804.219,51.249,0.8336192109777015
topheavy_lora,bert-base-uncased,mrpc,456,500,f1,0.8379705400981997,296450,0.2700395193203643,10.0,0.7573529411764706,0.6485190987586975,,0.8379705400981997,0.7152,570.492,36.355,0.8379705400981997
topheavy_lora,bert-base-uncased,mrpc,789,500,f1,0.832,296450,0.2700395193203643,10.0,0.7426470588235294,0.7902808785438538,,0.832,0.6131,665.451,42.406,0.832
bitfit,distilbert-base-uncased,mrpc,1024,500,f1,0.8102893890675241,643586,0.961221572515634,10.0,0.7107843137254902,0.5985521078109741,,0.8102893890675241,0.317,1286.895,82.008,0.8102893890675241
bitfit,distilbert-base-uncased,mrpc,123,500,f1,0.8251968503937008,643586,0.961221572515634,10.0,0.7279411764705882,0.6696338057518005,,0.8251968503937008,0.2953,1381.554,88.04,0.8251968503937008
bitfit,distilbert-base-uncased,mrpc,42,500,f1,0.7953020134228188,643586,0.961221572515634,10.0,0.7009803921568627,0.5606006979942322,,0.7953020134228188,0.3067,1330.112,84.762,0.7953020134228188
bitfit,distilbert-base-uncased,mrpc,456,500,f1,0.8153078202995009,643586,0.961221572515634,10.0,0.7279411764705882,0.5993066430091858,,0.8153078202995009,0.2628,1552.558,98.938,0.8153078202995009
bitfit,distilbert-base-uncased,mrpc,789,500,f1,0.8164556962025317,643586,0.961221572515634,10.0,0.7156862745098039,0.621235191822052,,0.8164556962025317,0.2375,1718.062,109.484,0.8164556962025317
full_ft,distilbert-base-uncased,mrpc,1024,500,f1,0.8220858895705522,66955010,100.0,3.0,0.7156862745098039,0.5691936612129211,,0.8220858895705522,0.2325,1754.988,111.837,0.8220858895705522
full_ft,distilbert-base-uncased,mrpc,123,500,f1,0.824773413897281,66955010,100.0,3.0,0.7156862745098039,0.6057835221290588,,0.824773413897281,0.3562,1145.487,72.997,0.824773413897281
full_ft,distilbert-base-uncased,mrpc,42,500,f1,0.8167701863354038,66955010,100.0,3.0,0.7107843137254902,0.5374847054481506,,0.8167701863354038,0.2152,1895.756,120.808,0.8167701863354038
full_ft,distilbert-base-uncased,mrpc,456,500,f1,0.8233532934131736,66955010,100.0,3.0,0.7107843137254902,0.5564014911651611,,0.8233532934131736,0.2472,1650.403,105.173,0.8233532934131736
full_ft,distilbert-base-uncased,mrpc,789,500,f1,0.8266666666666667,66955010,100.0,3.0,0.7132352941176471,0.5728662610054016,,0.8266666666666667,0.3766,1083.354,69.037,0.8266666666666667
gradaware_lora,distilbert-base-uncased,mrpc,1024,500,f1,0.834983498349835,739586,1.0925332946813067,10.0,0.7549019607843137,0.659955620765686,,0.834983498349835,0.325,1255.384,80.0,0.834983498349835
gradaware_lora,distilbert-base-uncased,mrpc,1024,500,f1,0.834983498349835,739586,1.0925332946813067,10.0,0.7549019607843137,0.6605383157730103,,0.834983498349835,0.2381,1713.752,109.21,0.834983498349835
gradaware_lora,distilbert-base-uncased,mrpc,123,500,f1,0.8204283360790774,739586,1.0925332946813067,10.0,0.7328431372549019,0.8632245659828186,,0.8204283360790774,0.3674,1110.509,70.768,0.8204283360790774
gradaware_lora,distilbert-base-uncased,mrpc,123,500,f1,0.8204283360790774,739586,1.0925332946813067,10.0,0.7328431372549019,0.8634933233261108,,0.8204283360790774,0.2659,1534.528,97.789,0.8204283360790774
gradaware_lora,distilbert-base-uncased,mrpc,42,500,f1,0.823943661971831,739586,1.0925332946813067,10.0,0.7549019607843137,0.6096271276473999,,0.823943661971831,0.4186,974.573,62.105,0.823943661971831
gradaware_lora,distilbert-base-uncased,mrpc,42,500,f1,0.823943661971831,739586,1.0925332946813067,10.0,0.7549019607843137,0.6109527349472046,,0.823943661971831,0.2669,1528.836,97.426,0.823943661971831
gradaware_lora,distilbert-base-uncased,mrpc,456,500,f1,0.8378378378378378,739586,1.0925332946813067,10.0,0.7647058823529411,0.669597327709198,,0.8378378378378378,0.3047,1339.137,85.337,0.8378378378378378
gradaware_lora,distilbert-base-uncased,mrpc,456,500,f1,0.8358714043993232,739586,1.0925332946813067,10.0,0.7622549019607843,0.6697893142700195,,0.8358714043993232,0.2419,1686.789,107.491,0.8358714043993232
gradaware_lora,distilbert-base-uncased,mrpc,789,500,f1,0.8186195826645265,739586,1.0925332946813067,10.0,0.7230392156862745,0.7351294755935669,,0.8186195826645265,0.2768,1473.957,93.929,0.8186195826645265
gradaware_lora,distilbert-base-uncased,mrpc,789,500,f1,0.8186195826645265,739586,1.0925332946813067,10.0,0.7230392156862745,0.7351294755935669,,0.8186195826645265,0.2477,1647.054,104.959,0.8186195826645265
lora,distilbert-base-uncased,mrpc,1024,500,f1,0.8355263157894737,739586,1.0925332946813067,10.0,0.7549019607843137,0.6478294134140015,,0.8355263157894737,0.2849,1432.301,91.274,0.8355263157894737
lora,distilbert-base-uncased,mrpc,1024,500,f1,0.8355263157894737,739586,1.0925332946813067,10.0,0.7549019607843137,0.6483193039894104,,0.8355263157894737,0.2467,1653.694,105.382,0.8355263157894737
lora,distilbert-base-uncased,mrpc,123,500,f1,0.8177339901477833,739586,1.0925332946813067,10.0,0.7279411764705882,0.8580275177955627,,0.8177339901477833,0.3295,1238.353,78.915,0.8177339901477833
lora,distilbert-base-uncased,mrpc,123,500,f1,0.8157894736842105,739586,1.0925332946813067,10.0,0.7254901960784313,0.8563177585601807,,0.8157894736842105,0.2458,1659.842,105.774,0.8157894736842105
lora,distilbert-base-uncased,mrpc,42,500,f1,0.8070796460176991,739586,1.0925332946813067,10.0,0.7328431372549019,0.6164520382881165,,0.8070796460176991,0.3155,1293.37,82.421,0.8070796460176991
lora,distilbert-base-uncased,mrpc,42,500,f1,0.8070796460176991,739586,1.0925332946813067,10.0,0.7328431372549019,0.6164351105690002,,0.8070796460176991,0.2439,1672.583,106.586,0.8070796460176991
lora,distilbert-base-uncased,mrpc,456,500,f1,0.8445945945945946,739586,1.0925332946813067,10.0,0.7745098039215687,0.6684623956680298,,0.8445945945945946,0.3132,1302.597,83.009,0.8445945945945946
lora,distilbert-base-uncased,mrpc,456,500,f1,0.8417508417508418,739586,1.0925332946813067,10.0,0.7696078431372549,0.6687512397766113,,0.8417508417508418,0.2563,1591.731,101.434,0.8417508417508418
lora,distilbert-base-uncased,mrpc,789,500,f1,0.8300653594771242,739586,1.0925332946813067,10.0,0.7450980392156863,0.7272694706916809,,0.8300653594771242,0.2916,1399.089,89.158,0.8300653594771242
lora,distilbert-base-uncased,mrpc,789,500,f1,0.8300653594771242,739586,1.0925332946813067,10.0,0.7450980392156863,0.7272694706916809,,0.8300653594771242,0.28,1457.091,92.854,0.8300653594771242
topheavy_lora,distilbert-base-uncased,mrpc,1024,500,f1,0.8297520661157025,739586,1.0925332946813067,10.0,0.7475490196078431,0.6522218585014343,,0.8297520661157025,0.5124,796.218,50.739,0.8297520661157025
topheavy_lora,distilbert-base-uncased,mrpc,123,500,f1,0.8237232289950577,739586,1.0925332946813067,10.0,0.7377450980392157,0.8459939360618591,,0.8237232289950577,0.3827,1066.224,67.946,0.8237232289950577
topheavy_lora,distilbert-base-uncased,mrpc,42,500,f1,0.8272251308900523,739586,1.0925332946813067,10.0,0.7573529411764706,0.6146847009658813,,0.8272251308900523,0.3242,1258.531,80.2,0.8272251308900523
topheavy_lora,distilbert-base-uncased,mrpc,456,500,f1,0.835016835016835,739586,1.0925332946813067,10.0,0.7598039215686274,0.6890053749084473,,0.835016835016835,0.3572,1142.086,72.78,0.835016835016835
topheavy_lora,distilbert-base-uncased,mrpc,789,500,f1,0.8189233278955954,739586,1.0925332946813067,10.0,0.7279411764705882,0.7143833637237549,,0.8189233278955954,0.4886,835.057,53.214,0.8189233278955954
bitfit,roberta-base,mrpc,1024,500,f1,0.8314606741573034,694274,0.5569913861662483,10.0,0.7426470588235294,0.5571764707565308,,0.8314606741573034,0.3314,1231.302,78.465,0.8314606741573034
bitfit,roberta-base,mrpc,123,500,f1,0.8306709265175719,694274,0.5569913861662483,10.0,0.7401960784313726,0.5431573390960693,,0.8306709265175719,0.3018,1351.679,86.136,0.8306709265175719
bitfit,roberta-base,mrpc,42,500,f1,0.8487972508591065,694274,0.5569913861662483,10.0,0.7843137254901961,0.48092031478881836,,0.8487972508591065,0.3347,1218.848,77.672,0.8487972508591065
bitfit,roberta-base,mrpc,456,500,f1,0.823728813559322,694274,0.5569913861662483,10.0,0.7450980392156863,0.5326731204986572,,0.823728813559322,0.3123,1306.517,83.258,0.823728813559322
bitfit,roberta-base,mrpc,789,500,f1,0.8346972176759411,694274,0.5569913861662483,10.0,0.7524509803921569,0.5712997317314148,,0.8346972176759411,0.2906,1404.061,89.474,0.8346972176759411
full_ft,roberta-base,mrpc,1024,500,f1,0.8626760563380281,124647170,100.0,3.0,0.8088235294117647,0.492147833108902,,0.8626760563380281,0.3373,1209.502,77.076,0.8626760563380281
full_ft,roberta-base,mrpc,123,500,f1,0.8683760683760684,124647170,100.0,3.0,0.8112745098039216,0.5219100117683411,,0.8683760683760684,0.4206,970.007,61.814,0.8683760683760684
full_ft,roberta-base,mrpc,42,500,f1,0.8626760563380281,124647170,100.0,3.0,0.8088235294117647,0.459162175655365,,0.8626760563380281,0.4474,911.982,58.117,0.8626760563380281
full_ft,roberta-base,mrpc,456,500,f1,0.8644939965694682,124647170,100.0,3.0,0.8063725490196079,0.5128678679466248,,0.8644939965694682,0.4595,887.828,56.577,0.8644939965694682
full_ft,roberta-base,mrpc,789,500,f1,0.8411214953271028,124647170,100.0,3.0,0.75,0.5437707304954529,,0.8411214953271028,0.4283,952.504,60.699,0.8411214953271028
gradaware_lora,roberta-base,mrpc,1024,500,f1,0.826530612244898,887042,0.7066137476531099,10.0,0.75,0.6995556354522705,,0.826530612244898,0.3812,1070.402,68.212,0.826530612244898
gradaware_lora,roberta-base,mrpc,123,500,f1,0.8461538461538461,887042,0.7066137476531099,10.0,0.7745098039215687,0.5873653292655945,,0.8461538461538461,0.395,1032.899,65.822,0.8461538461538461
gradaware_lora,roberta-base,mrpc,42,500,f1,0.8607142857142858,887042,0.7066137476531099,10.0,0.8088235294117647,0.5375561714172363,,0.8607142857142858,0.3811,1070.608,68.225,0.8607142857142858
gradaware_lora,roberta-base,mrpc,456,500,f1,0.8382608695652174,887042,0.7066137476531099,10.0,0.7720588235294118,0.5720111727714539,,0.8382608695652174,0.3534,1154.366,73.563,0.8382608695652174
gradaware_lora,roberta-base,mrpc,789,500,f1,0.8426229508196721,887042,0.7066137476531099,10.0,0.7647058823529411,0.6791587471961975,,0.8426229508196721,0.3825,1066.652,67.973,0.8426229508196721
lora,roberta-base,mrpc,1024,500,f1,0.8341880341880342,887042,0.7066137476531099,10.0,0.7622549019607843,0.7436764240264893,,0.8341880341880342,0.3673,1110.945,70.796,0.8341880341880342
lora,roberta-base,mrpc,123,500,f1,0.8692699490662139,887042,0.7066137476531099,10.0,0.8112745098039216,0.5113589763641357,,0.8692699490662139,0.4049,1007.635,64.212,0.8692699490662139
lora,roberta-base,mrpc,42,500,f1,0.8802816901408451,887042,0.7066137476531099,10.0,0.8333333333333334,0.5502688884735107,,0.8802816901408451,0.3975,1026.351,65.405,0.8802816901408451
lora,roberta-base,mrpc,456,500,f1,0.8492201039861352,887042,0.7066137476531099,10.0,0.7867647058823529,0.6182237267494202,,0.8492201039861352,0.4439,919.136,58.572,0.8492201039861352
lora,roberta-base,mrpc,789,500,f1,0.8472906403940886,887042,0.7066137476531099,10.0,0.7720588235294118,0.6199470162391663,,0.8472906403940886,0.3691,1105.277,70.434,0.8472906403940886
topheavy_lora,roberta-base,mrpc,1024,500,f1,0.8333333333333334,887042,0.7066137476531099,10.0,0.7598039215686274,0.6378567218780518,,0.8333333333333334,0.412,990.183,63.1,0.8333333333333334
topheavy_lora,roberta-base,mrpc,123,500,f1,0.8620102214650767,887042,0.7066137476531099,10.0,0.8014705882352942,0.5221207737922668,,0.8620102214650767,0.4062,1004.424,64.007,0.8620102214650767
topheavy_lora,roberta-base,mrpc,42,500,f1,0.8717047451669596,887042,0.7066137476531099,10.0,0.821078431372549,0.5321846604347229,,0.8717047451669596,0.4192,973.313,62.025,0.8717047451669596
topheavy_lora,roberta-base,mrpc,456,500,f1,0.8382608695652174,887042,0.7066137476531099,10.0,0.7720588235294118,0.6393229365348816,,0.8382608695652174,0.4505,905.668,57.714,0.8382608695652174
topheavy_lora,roberta-base,mrpc,789,500,f1,0.8453947368421053,887042,0.7066137476531099,10.0,0.7696078431372549,0.649903416633606,,0.8453947368421053,0.4176,977.07,62.264,0.8453947368421053
bitfit,bert-base-uncased,qnli,1024,500,accuracy,0.7466593446824089,104450,0.09540226132861436,10.0,0.7466593446824089,0.545924186706543,,0.7466593446824089,4.1922,1303.136,81.58,
bitfit,bert-base-uncased,qnli,123,500,accuracy,0.7517847336628226,104450,0.09540226132861436,10.0,0.7517847336628226,0.5628760457038879,,0.7517847336628226,5.0537,1080.994,67.673,
bitfit,bert-base-uncased,qnli,42,500,accuracy,0.7532491305143694,104450,0.09540226132861436,10.0,0.7532491305143694,0.5454179644584656,,0.7532491305143694,6.323,863.987,54.088,
bitfit,bert-base-uncased,qnli,456,500,accuracy,0.7537982793336995,104450,0.09540226132861436,10.0,0.7537982793336995,0.5291582942008972,,0.7537982793336995,5.2269,1045.161,65.43,
bitfit,bert-base-uncased,qnli,789,500,accuracy,0.7495881383855024,104450,0.09540226132861436,10.0,0.7495881383855024,0.609745442867279,,0.7495881383855024,6.3515,860.106,53.845,
full_ft,bert-base-uncased,qnli,1024,500,accuracy,0.7539813289401428,109483778,100.0,3.0,0.7539813289401428,0.6052785515785217,,0.7539813289401428,6.089,897.191,56.167,
full_ft,bert-base-uncased,qnli,123,500,accuracy,0.771554091158704,109483778,100.0,3.0,0.771554091158704,0.5170339345932007,,0.771554091158704,4.4466,1228.577,76.913,
full_ft,bert-base-uncased,qnli,42,500,accuracy,0.7398865092440051,109483778,100.0,3.0,0.7398865092440051,0.5625485181808472,,0.7398865092440051,6.0631,901.019,56.406,
full_ft,bert-base-uncased,qnli,456,500,accuracy,0.7570931722496796,109483778,100.0,3.0,0.7570931722496796,0.5763394832611084,,0.7570931722496796,5.4243,1007.139,63.05,
full_ft,bert-base-uncased,qnli,789,500,accuracy,0.7505033864177192,109483778,100.0,3.0,0.7505033864177192,0.6094016432762146,,0.7505033864177192,6.1686,885.608,55.442,
gradaware_lora,bert-base-uncased,qnli,1024,500,accuracy,0.7697235950942706,296450,0.2700395193203643,10.0,0.7697235950942706,0.717133104801178,,0.7697235950942706,5.0594,1079.764,67.596,
gradaware_lora,bert-base-uncased,qnli,123,500,accuracy,0.7968149368478857,296450,0.2700395193203643,10.0,0.7968149368478857,0.6387948393821716,,0.7968149368478857,5.0955,1072.132,67.119,
gradaware_lora,bert-base-uncased,qnli,42,500,accuracy,0.794801391177009,296450,0.2700395193203643,10.0,0.794801391177009,0.6784692406654358,,0.794801391177009,5.3401,1023.022,64.044,
gradaware_lora,bert-base-uncased,qnli,456,500,accuracy,0.7924217462932455,296450,0.2700395193203643,10.0,0.7924217462932455,0.5646401047706604,,0.7924217462932455,5.2342,1043.716,65.34,
gradaware_lora,bert-base-uncased,qnli,789,500,accuracy,0.7779608273842211,296450,0.2700395193203643,10.0,0.7779608273842211,0.8354709148406982,,0.7779608273842211,7.4536,732.938,45.884,
lora,bert-base-uncased,qnli,1024,500,accuracy,0.7675269998169504,296450,0.2700395193203643,10.0,0.7675269998169504,0.7134670615196228,,0.7675269998169504,5.1727,1056.116,66.116,
lora,bert-base-uncased,qnli,123,500,accuracy,0.7893099029837086,296450,0.2700395193203643,10.0,0.7893099029837086,0.6322273015975952,,0.7893099029837086,5.1029,1070.571,67.021,
lora,bert-base-uncased,qnli,42,500,accuracy,0.7933369943254622,296450,0.2700395193203643,10.0,0.7933369943254622,0.6468660235404968,,0.7933369943254622,5.2416,1042.235,65.247,
lora,bert-base-uncased,qnli,456,500,accuracy,0.789492952590152,296450,0.2700395193203643,10.0,0.789492952590152,0.5848014950752258,,0.789492952590152,5.4515,1002.11,62.735,
lora,bert-base-uncased,qnli,789,500,accuracy,0.7728354384038074,296450,0.2700395193203643,10.0,0.7728354384038074,0.8461818695068359,,0.7728354384038074,5.0608,1079.481,67.579,
topheavy_lora,bert-base-uncased,qnli,1024,500,accuracy,0.771004942339374,296450,0.2700395193203643,10.0,0.771004942339374,0.7086259126663208,,0.771004942339374,7.1029,769.125,48.15,
topheavy_lora,bert-base-uncased,qnli,123,500,accuracy,0.795350539996339,296450,0.2700395193203643,10.0,0.795350539996339,0.6409234404563904,,0.795350539996339,5.6518,966.6,60.512,
topheavy_lora,bert-base-uncased,qnli,42,500,accuracy,0.7896760021965953,296450,0.2700395193203643,10.0,0.7896760021965953,0.6900457143783569,,0.7896760021965953,6.7149,813.568,50.932,
topheavy_lora,bert-base-uncased,qnli,456,500,accuracy,0.7880285557386052,296450,0.2700395193203643,10.0,0.7880285557386052,0.58283931016922,,0.7880285557386052,6.0965,896.095,56.098,
topheavy_lora,bert-base-uncased,qnli,789,500,accuracy,0.7752150832875709,296450,0.2700395193203643,10.0,0.7752150832875709,0.8303548693656921,,0.7752150832875709,6.9445,786.671,49.248,
bitfit,distilbert-base-uncased,qnli,1024,500,accuracy,0.6223686619073769,643586,0.961221572515634,10.0,0.6223686619073769,0.6839750409126282,,0.6223686619073769,2.782,1963.684,122.932,
bitfit,distilbert-base-uncased,qnli,123,500,accuracy,0.5934468240893283,643586,0.961221572515634,10.0,0.5934468240893283,0.7103491425514221,,0.5934468240893283,5.4343,1005.279,62.933,
bitfit,distilbert-base-uncased,qnli,42,500,accuracy,0.647812557203002,643586,0.961221572515634,10.0,0.647812557203002,0.694320559501648,,0.647812557203002,3.8489,1419.384,88.858,
bitfit,distilbert-base-uncased,qnli,456,500,accuracy,0.6525718469705291,643586,0.961221572515634,10.0,0.6525718469705291,0.6499228477478027,,0.6525718469705291,4.9621,1100.953,68.923,
bitfit,distilbert-base-uncased,qnli,789,500,accuracy,0.6447007138934652,643586,0.961221572515634,10.0,0.6447007138934652,0.6774686574935913,,0.6447007138934652,4.669,1170.066,73.25,
full_ft,distilbert-base-uncased,qnli,1024,500,accuracy,0.6728903532857404,66955010,100.0,3.0,0.6728903532857404,0.6404427289962769,,0.6728903532857404,4.5147,1210.04,75.752,
full_ft,distilbert-base-uncased,qnli,123,500,accuracy,0.6328024894746477,66955010,100.0,3.0,0.6328024894746477,0.6487017273902893,,0.6328024894746477,3.9658,1377.529,86.237,
full_ft,distilbert-base-uncased,qnli,42,500,accuracy,0.6655683690280065,66955010,100.0,3.0,0.6655683690280065,0.6209493279457092,,0.6655683690280065,3.6235,1507.656,94.384,
full_ft,distilbert-base-uncased,qnli,456,500,accuracy,0.6597107816218195,66955010,100.0,3.0,0.6597107816218195,0.624750554561615,,0.6597107816218195,4.817,1134.104,70.998,
full_ft,distilbert-base-uncased,qnli,789,500,accuracy,0.6201720666300568,66955010,100.0,3.0,0.6201720666300568,0.6553356647491455,,0.6201720666300568,4.2552,1283.837,80.372,
gradaware_lora,distilbert-base-uncased,qnli,1024,500,accuracy,0.6979681493684788,739586,1.0925332946813067,10.0,0.6979681493684788,0.8301137685775757,,0.6979681493684788,4.6404,1177.266,73.7,
gradaware_lora,distilbert-base-uncased,qnli,1024,500,accuracy,0.6977850997620355,739586,1.0925332946813067,10.0,0.6977850997620355,0.8299856781959534,,0.6977850997620355,3.4984,1561.569,97.759,
gradaware_lora,distilbert-base-uncased,qnli,123,500,accuracy,0.6884495698334249,739586,1.0925332946813067,10.0,0.6884495698334249,0.7326005697250366,,0.6884495698334249,3.5619,1533.713,96.015,
gradaware_lora,distilbert-base-uncased,qnli,123,500,accuracy,0.6886326194398682,739586,1.0925332946813067,10.0,0.6886326194398682,0.7325851321220398,,0.6886326194398682,3.2292,1691.728,105.907,
gradaware_lora,distilbert-base-uncased,qnli,42,500,accuracy,0.7127951674903898,739586,1.0925332946813067,10.0,0.7127951674903898,0.7974643707275391,,0.7127951674903898,5.9011,925.765,57.956,
gradaware_lora,distilbert-base-uncased,qnli,42,500,accuracy,0.7122460186710599,739586,1.0925332946813067,10.0,0.7122460186710599,0.7975878715515137,,0.7122460186710599,3.2474,1682.257,105.314,
gradaware_lora,distilbert-base-uncased,qnli,456,500,accuracy,0.7027274391360059,739586,1.0925332946813067,10.0,0.7027274391360059,0.7600159049034119,,0.7027274391360059,4.39,1244.406,77.903,
gradaware_lora,distilbert-base-uncased,qnli,456,500,accuracy,0.7027274391360059,739586,1.0925332946813067,10.0,0.7027274391360059,0.7598728537559509,,0.7027274391360059,3.3972,1608.079,100.67,
gradaware_lora,distilbert-base-uncased,qnli,789,500,accuracy,0.7364085667215815,739586,1.0925332946813067,10.0,0.7364085667215815,0.7686455249786377,,0.7364085667215815,5.3283,1025.285,64.186,
gradaware_lora,distilbert-base-uncased,qnli,789,500,accuracy,0.7362255171151382,739586,1.0925332946813067,10.0,0.7362255171151382,0.7685717344284058,,0.7362255171151382,3.2016,1706.327,106.821,
lora,distilbert-base-uncased,qnli,1024,500,accuracy,0.7045579352004393,739586,1.0925332946813067,10.0,0.7045579352004393,0.7793018817901611,,0.7045579352004393,3.4604,1578.712,98.832,
lora,distilbert-base-uncased,qnli,123,500,accuracy,0.6884495698334249,739586,1.0925332946813067,10.0,0.6884495698334249,0.7272735834121704,,0.6884495698334249,3.1528,1732.752,108.475,
lora,distilbert-base-uncased,qnli,42,500,accuracy,0.7095002745744097,739586,1.0925332946813067,10.0,0.7095002745744097,0.8188120126724243,,0.7095002745744097,3.0175,1810.417,113.337,
lora,distilbert-base-uncased,qnli,456,500,accuracy,0.7100494233937397,739586,1.0925332946813067,10.0,0.7100494233937397,0.731960117816925,,0.7100494233937397,3.0431,1795.21,112.385,
lora,distilbert-base-uncased,qnli,789,500,accuracy,0.7345780706571481,739586,1.0925332946813067,10.0,0.7345780706571481,0.7619289755821228,,0.7345780706571481,5.3661,1018.062,63.734,
topheavy_lora,distilbert-base-uncased,qnli,1024,500,accuracy,0.6977850997620355,739586,1.0925332946813067,10.0,0.6977850997620355,0.7945432662963867,,0.6977850997620355,3.4745,1572.308,98.431,
topheavy_lora,distilbert-base-uncased,qnli,123,500,accuracy,0.6904631155043016,739586,1.0925332946813067,10.0,0.6904631155043016,0.7398719787597656,,0.6904631155043016,5.7526,949.655,59.451,
topheavy_lora,distilbert-base-uncased,qnli,42,500,accuracy,0.7074867289035328,739586,1.0925332946813067,10.0,0.7074867289035328,0.7784543037414551,,0.7074867289035328,5.4758,997.659,62.456,
topheavy_lora,distilbert-base-uncased,qnli,456,500,accuracy,0.7008969430715724,739586,1.0925332946813067,10.0,0.7008969430715724,0.7279824018478394,,0.7008969430715724,6.1672,885.816,55.455,
topheavy_lora,distilbert-base-uncased,qnli,789,500,accuracy,0.7402526084568918,739586,1.0925332946813067,10.0,0.7402526084568918,0.7517720460891724,,0.7402526084568918,4.1972,1301.587,81.483,
bitfit,roberta-base,qnli,1024,500,accuracy,0.7622185612300933,694274,0.5569913861662483,10.0,0.7622185612300933,0.5176337361335754,,0.7622185612300933,4.055,1347.213,84.34,
bitfit,roberta-base,qnli,123,500,accuracy,0.690097016291415,694274,0.5569913861662483,10.0,0.690097016291415,0.5864059329032898,,0.690097016291415,4.0396,1352.357,84.662,
bitfit,roberta-base,qnli,42,500,accuracy,0.7986454329123193,694274,0.5569913861662483,10.0,0.7986454329123193,0.48115670680999756,,0.7986454329123193,4.1079,1329.871,83.254,
bitfit,roberta-base,qnli,456,500,accuracy,0.7790591250228812,694274,0.5569913861662483,10.0,0.7790591250228812,0.5072339177131653,,0.7790591250228812,4.197,1301.634,81.486,
bitfit,roberta-base,qnli,789,500,accuracy,0.7721032399780341,694274,0.5569913861662483,10.0,0.7721032399780341,0.503232479095459,,0.7721032399780341,3.9743,1374.576,86.053,
full_ft,roberta-base,qnli,1024,500,accuracy,0.8023064250411862,124647170,100.0,3.0,0.8023064250411862,0.4801267385482788,,0.8023064250411862,5.0292,1086.256,68.003,
full_ft,roberta-base,qnli,123,500,accuracy,0.8068826652022698,124647170,100.0,3.0,0.8068826652022698,0.4572157859802246,,0.8068826652022698,5.0136,1089.641,68.215,
full_ft,roberta-base,qnli,42,500,accuracy,0.8109097565440234,124647170,100.0,3.0,0.8109097565440234,0.5731167197227478,,0.8109097565440234,4.9347,1107.051,69.305,
full_ft,roberta-base,qnli,456,500,accuracy,0.8066996155958265,124647170,100.0,3.0,0.8066996155958265,0.5271342396736145,,0.8066996155958265,4.8846,1118.423,70.017,
full_ft,roberta-base,qnli,789,500,accuracy,0.7975471352736592,124647170,100.0,3.0,0.7975471352736592,0.6135596036911011,,0.7975471352736592,4.9663,1100.008,68.864,
gradaware_lora,roberta-base,qnli,1024,500,accuracy,0.7774116785648911,887042,0.7066137476531099,10.0,0.7774116785648911,0.52693772315979,,0.7774116785648911,5.0124,1089.887,68.23,
gradaware_lora,roberta-base,qnli,123,500,accuracy,0.7832692659710782,887042,0.7066137476531099,10.0,0.7832692659710782,0.6323275566101074,,0.7832692659710782,4.8136,1134.915,71.049,
gradaware_lora,roberta-base,qnli,42,500,accuracy,0.8164012447373238,887042,0.7066137476531099,10.0,0.8164012447373238,0.578602135181427,,0.8164012447373238,7.1479,764.275,47.846,
gradaware_lora,roberta-base,qnli,456,500,accuracy,0.8092623100860333,887042,0.7066137476531099,10.0,0.8092623100860333,0.4905140995979309,,0.8092623100860333,4.7995,1138.239,71.257,
gradaware_lora,roberta-base,qnli,789,500,accuracy,0.8198791872597474,887042,0.7066137476531099,10.0,0.8198791872597474,0.534285843372345,,0.8198791872597474,5.0472,1082.372,67.76,
lora,roberta-base,qnli,1024,500,accuracy,0.7785099762035511,887042,0.7066137476531099,10.0,0.7785099762035511,0.5498014092445374,,0.7785099762035511,5.0912,1073.028,67.175,
lora,roberta-base,qnli,123,500,accuracy,0.7926047958996888,887042,0.7066137476531099,10.0,0.7926047958996888,0.544101893901825,,0.7926047958996888,4.9084,1112.997,69.677,
lora,roberta-base,qnli,42,500,accuracy,0.8206113856855207,887042,0.7066137476531099,10.0,0.8206113856855207,0.5882425308227539,,0.8206113856855207,4.8565,1124.884,70.421,
lora,roberta-base,qnli,456,500,accuracy,0.8081640124473732,887042,0.7066137476531099,10.0,0.8081640124473732,0.45834821462631226,,0.8081640124473732,4.8571,1124.748,70.413,
lora,roberta-base,qnli,789,500,accuracy,0.8094453596924767,887042,0.7066137476531099,10.0,0.8094453596924767,0.5721589922904968,,0.8094453596924767,4.954,1102.748,69.035,
topheavy_lora,roberta-base,qnli,1024,500,accuracy,0.7796082738422112,887042,0.7066137476531099,10.0,0.7796082738422112,0.5510154366493225,,0.7796082738422112,5.3781,1015.783,63.591,
topheavy_lora,roberta-base,qnli,123,500,accuracy,0.7682591982427238,887042,0.7066137476531099,10.0,0.7682591982427238,0.6578073501586914,,0.7682591982427238,5.5201,989.654,61.955,
topheavy_lora,roberta-base,qnli,42,500,accuracy,0.8178656415888705,887042,0.7066137476531099,10.0,0.8178656415888705,0.5808330178260803,,0.8178656415888705,5.113,1068.463,66.889,
topheavy_lora,roberta-base,qnli,456,500,accuracy,0.7997437305509794,887042,0.7066137476531099,10.0,0.7997437305509794,0.4956880509853363,,0.7997437305509794,4.9692,1099.383,68.825,
topheavy_lora,roberta-base,qnli,789,500,accuracy,0.8189639392275306,887042,0.7066137476531099,10.0,0.8189639392275306,0.5612723231315613,,0.8189639392275306,5.3177,1027.315,64.313,
bitfit,bert-base-uncased,rte,1024,500,accuracy,0.5812274368231047,104450,0.09540226132861436,10.0,0.5812274368231047,0.6758852601051331,,0.5812274368231047,0.2605,1063.327,69.097,
bitfit,bert-base-uncased,rte,123,500,accuracy,0.5523465703971119,104450,0.09540226132861436,10.0,0.5523465703971119,0.7120610475540161,,0.5523465703971119,0.2292,1208.479,78.529,
bitfit,bert-base-uncased,rte,42,500,accuracy,0.5812274368231047,104450,0.09540226132861436,10.0,0.5812274368231047,0.6856367588043213,,0.5812274368231047,0.2253,1229.356,79.886,
bitfit,bert-base-uncased,rte,456,500,accuracy,0.5740072202166066,104450,0.09540226132861436,10.0,0.5740072202166066,0.6865347027778625,,0.5740072202166066,0.2265,1222.717,79.455,
bitfit,bert-base-uncased,rte,789,500,accuracy,0.5523465703971119,104450,0.09540226132861436,10.0,0.5523465703971119,0.7019510269165039,,0.5523465703971119,0.2697,1026.932,66.732,
full_ft,bert-base-uncased,rte,1024,500,accuracy,0.592057761732852,109483778,100.0,3.0,0.592057761732852,0.7346987128257751,,0.592057761732852,0.2602,1064.632,69.182,
full_ft,bert-base-uncased,rte,123,500,accuracy,0.592057761732852,109483778,100.0,3.0,0.592057761732852,0.6943441033363342,,0.592057761732852,0.2821,981.885,63.805,
full_ft,bert-base-uncased,rte,42,500,accuracy,0.5270758122743683,109483778,100.0,3.0,0.5270758122743683,0.6942557096481323,,0.5270758122743683,0.2605,1063.191,69.088,
full_ft,bert-base-uncased,rte,456,500,accuracy,0.631768953068592,109483778,100.0,3.0,0.631768953068592,0.7051249742507935,,0.631768953068592,0.2467,1122.65,72.952,
full_ft,bert-base-uncased,rte,789,500,accuracy,0.5451263537906137,109483778,100.0,3.0,0.5451263537906137,0.7285380959510803,,0.5451263537906137,0.2719,1018.813,66.204,
gradaware_lora,bert-base-uncased,rte,1024,500,accuracy,0.5956678700361011,296450,0.2700395193203643,10.0,0.5956678700361011,0.9988465309143066,,0.5956678700361011,0.3402,814.179,52.907,
gradaware_lora,bert-base-uncased,rte,123,500,accuracy,0.5703971119133574,296450,0.2700395193203643,10.0,0.5703971119133574,1.0960932970046997,,0.5703971119133574,0.2843,974.452,63.322,
gradaware_lora,bert-base-uncased,rte,42,500,accuracy,0.5667870036101083,296450,0.2700395193203643,10.0,0.5667870036101083,0.8338561058044434,,0.5667870036101083,0.2827,979.889,63.675,
gradaware_lora,bert-base-uncased,rte,456,500,accuracy,0.6064981949458483,296450,0.2700395193203643,10.0,0.6064981949458483,0.9049432277679443,,0.6064981949458483,0.2777,997.525,64.821,
gradaware_lora,bert-base-uncased,rte,789,500,accuracy,0.5595667870036101,296450,0.2700395193203643,10.0,0.5595667870036101,1.0378957986831665,,0.5595667870036101,0.2803,988.173,64.213,
lora,bert-base-uncased,rte,1024,500,accuracy,0.5992779783393501,296450,0.2700395193203643,10.0,0.5992779783393501,1.0298254489898682,,0.5992779783393501,0.2739,1011.385,65.722,
lora,bert-base-uncased,rte,123,500,accuracy,0.5740072202166066,296450,0.2700395193203643,10.0,0.5740072202166066,1.0764777660369873,,0.5740072202166066,0.2862,967.992,62.902,
lora,bert-base-uncased,rte,42,500,accuracy,0.5776173285198556,296450,0.2700395193203643,10.0,0.5776173285198556,0.801021158695221,,0.5776173285198556,0.2949,939.353,61.041,
lora,bert-base-uncased,rte,456,500,accuracy,0.6245487364620939,296450,0.2700395193203643,10.0,0.6245487364620939,0.9239018559455872,,0.6245487364620939,0.2732,1014.066,65.896,
lora,bert-base-uncased,rte,789,500,accuracy,0.555956678700361,296450,0.2700395193203643,10.0,0.555956678700361,1.0517559051513672,,0.555956678700361,0.2529,1095.366,71.179,
topheavy_lora,bert-base-uncased,rte,1024,500,accuracy,0.6028880866425993,296450,0.2700395193203643,10.0,0.6028880866425993,1.009398341178894,,0.6028880866425993,0.3153,878.465,57.084,
topheavy_lora,bert-base-uncased,rte,123,500,accuracy,0.5667870036101083,296450,0.2700395193203643,10.0,0.5667870036101083,1.0938917398452759,,0.5667870036101083,0.2977,930.384,60.458,
topheavy_lora,bert-base-uncased,rte,42,500,accuracy,0.5703971119133574,296450,0.2700395193203643,10.0,0.5703971119133574,0.8319430947303772,,0.5703971119133574,0.292,948.47,61.633,
topheavy_lora,bert-base-uncased,rte,456,500,accuracy,0.628158844765343,296450,0.2700395193203643,10.0,0.628158844765343,0.9154135584831238,,0.628158844765343,0.3087,897.235,58.304,
topheavy_lora,bert-base-uncased,rte,789,500,accuracy,0.555956678700361,296450,0.2700395193203643,10.0,0.555956678700361,1.028114914894104,,0.555956678700361,0.3098,894.227,58.109,
bitfit,distilbert-base-uncased,rte,1024,500,accuracy,0.5667870036101083,643586,0.961221572515634,10.0,0.5667870036101083,0.7415670156478882,,0.5667870036101083,0.2002,1383.58,89.908,
bitfit,distilbert-base-uncased,rte,123,500,accuracy,0.5487364620938628,643586,0.961221572515634,10.0,0.5487364620938628,0.7614487409591675,,0.5487364620938628,0.2534,1093.002,71.025,
bitfit,distilbert-base-uncased,rte,42,500,accuracy,0.5379061371841155,643586,0.961221572515634,10.0,0.5379061371841155,0.7942089438438416,,0.5379061371841155,0.2025,1367.844,88.885,
bitfit,distilbert-base-uncased,rte,456,500,accuracy,0.5740072202166066,643586,0.961221572515634,10.0,0.5740072202166066,0.7208850383758545,,0.5740072202166066,0.1889,1466.375,95.288,
bitfit,distilbert-base-uncased,rte,789,500,accuracy,0.5487364620938628,643586,0.961221572515634,10.0,0.5487364620938628,0.7953449487686157,,0.5487364620938628,0.2106,1315.234,85.466,
full_ft,distilbert-base-uncased,rte,1024,500,accuracy,0.5631768953068592,66955010,100.0,3.0,0.5631768953068592,0.6799246072769165,,0.5631768953068592,0.1655,1673.266,108.732,
full_ft,distilbert-base-uncased,rte,123,500,accuracy,0.5342960288808665,66955010,100.0,3.0,0.5342960288808665,0.7022286653518677,,0.5342960288808665,0.1769,1566.016,101.763,
full_ft,distilbert-base-uncased,rte,42,500,accuracy,0.5415162454873647,66955010,100.0,3.0,0.5415162454873647,0.6899625658988953,,0.5415162454873647,0.1788,1549.611,100.697,
full_ft,distilbert-base-uncased,rte,456,500,accuracy,0.592057761732852,66955010,100.0,3.0,0.592057761732852,0.6828639507293701,,0.592057761732852,0.2074,1335.445,86.78,
full_ft,distilbert-base-uncased,rte,789,500,accuracy,0.5306859205776173,66955010,100.0,3.0,0.5306859205776173,0.7037022709846497,,0.5306859205776173,0.1711,1618.793,105.192,
gradaware_lora,distilbert-base-uncased,rte,1024,500,accuracy,0.5595667870036101,739586,1.0925332946813067,10.0,0.5595667870036101,0.8950086236000061,,0.5595667870036101,0.2702,1025.234,66.622,
gradaware_lora,distilbert-base-uncased,rte,1024,500,accuracy,0.5595667870036101,739586,1.0925332946813067,10.0,0.5595667870036101,0.8948995471000671,,0.5595667870036101,0.1783,1553.926,100.977,
gradaware_lora,distilbert-base-uncased,rte,123,500,accuracy,0.48736462093862815,739586,1.0925332946813067,10.0,0.48736462093862815,1.0137381553649902,,0.48736462093862815,0.2313,1197.617,77.823,
gradaware_lora,distilbert-base-uncased,rte,123,500,accuracy,0.48736462093862815,739586,1.0925332946813067,10.0,0.48736462093862815,1.0134472846984863,,0.48736462093862815,0.1778,1557.966,101.24,
gradaware_lora,distilbert-base-uncased,rte,42,500,accuracy,0.5342960288808665,739586,1.0925332946813067,10.0,0.5342960288808665,1.0466197729110718,,0.5342960288808665,0.2384,1161.696,75.489,
gradaware_lora,distilbert-base-uncased,rte,42,500,accuracy,0.5415162454873647,739586,1.0925332946813067,10.0,0.5415162454873647,1.0445140600204468,,0.5415162454873647,0.1739,1593.279,103.534,
gradaware_lora,distilbert-base-uncased,rte,456,500,accuracy,0.5812274368231047,739586,1.0925332946813067,10.0,0.5812274368231047,0.8765100240707397,,0.5812274368231047,0.2122,1305.072,84.806,
gradaware_lora,distilbert-base-uncased,rte,456,500,accuracy,0.5812274368231047,739586,1.0925332946813067,10.0,0.5812274368231047,0.8767516016960144,,0.5812274368231047,0.1812,1528.464,99.323,
gradaware_lora,distilbert-base-uncased,rte,789,500,accuracy,0.5379061371841155,739586,1.0925332946813067,10.0,0.5379061371841155,1.0267835855484009,,0.5379061371841155,0.1781,1554.941,101.043,
gradaware_lora,distilbert-base-uncased,rte,789,500,accuracy,0.5415162454873647,739586,1.0925332946813067,10.0,0.5415162454873647,1.0273542404174805,,0.5415162454873647,0.1835,1509.785,98.109,
lora,distilbert-base-uncased,rte,1024,500,accuracy,0.555956678700361,739586,1.0925332946813067,10.0,0.555956678700361,0.8965165615081787,,0.555956678700361,0.1763,1570.983,102.086,
lora,distilbert-base-uncased,rte,123,500,accuracy,0.5342960288808665,739586,1.0925332946813067,10.0,0.5342960288808665,1.016252040863037,,0.5342960288808665,0.1723,1608.098,104.497,
lora,distilbert-base-uncased,rte,42,500,accuracy,0.51985559566787,739586,1.0925332946813067,10.0,0.51985559566787,1.0517417192459106,,0.51985559566787,0.1764,1570.212,102.035,
lora,distilbert-base-uncased,rte,456,500,accuracy,0.5884476534296029,739586,1.0925332946813067,10.0,0.5884476534296029,0.8608962297439575,,0.5884476534296029,0.2007,1380.14,89.684,
lora,distilbert-base-uncased,rte,789,500,accuracy,0.51985559566787,739586,1.0925332946813067,10.0,0.51985559566787,1.0174219608306885,,0.51985559566787,0.1653,1675.986,108.909,
topheavy_lora,distilbert-base-uncased,rte,1024,500,accuracy,0.5631768953068592,739586,1.0925332946813067,10.0,0.5631768953068592,0.8733519911766052,,0.5631768953068592,0.2434,1137.815,73.937,
topheavy_lora,distilbert-base-uncased,rte,123,500,accuracy,0.516245487364621,739586,1.0925332946813067,10.0,0.516245487364621,1.0264695882797241,,0.516245487364621,0.3101,893.302,58.048,
topheavy_lora,distilbert-base-uncased,rte,42,500,accuracy,0.5379061371841155,739586,1.0925332946813067,10.0,0.5379061371841155,1.0528607368469238,,0.5379061371841155,0.2705,1024.103,66.548,
topheavy_lora,distilbert-base-uncased,rte,456,500,accuracy,0.5776173285198556,739586,1.0925332946813067,10.0,0.5776173285198556,0.8522801995277405,,0.5776173285198556,0.2832,978.148,63.562,
topheavy_lora,distilbert-base-uncased,rte,789,500,accuracy,0.5270758122743683,739586,1.0925332946813067,10.0,0.5270758122743683,1.0160983800888062,,0.5270758122743683,0.192,1442.376,93.728,
bitfit,roberta-base,rte,1024,500,accuracy,0.5451263537906137,694274,0.5569913861662483,10.0,0.5451263537906137,0.7182880640029907,,0.5451263537906137,0.2324,1191.944,77.455,
bitfit,roberta-base,rte,123,500,accuracy,0.6064981949458483,694274,0.5569913861662483,10.0,0.6064981949458483,0.6965653896331787,,0.6064981949458483,0.2355,1176.4,76.445,
bitfit,roberta-base,rte,42,500,accuracy,0.5956678700361011,694274,0.5569913861662483,10.0,0.5956678700361011,0.7132493257522583,,0.5956678700361011,0.2165,1279.298,83.131,
bitfit,roberta-base,rte,456,500,accuracy,0.5884476534296029,694274,0.5569913861662483,10.0,0.5884476534296029,0.6830933690071106,,0.5884476534296029,0.213,1300.685,84.521,
bitfit,roberta-base,rte,789,500,accuracy,0.5703971119133574,694274,0.5569913861662483,10.0,0.5703971119133574,0.7360350489616394,,0.5703971119133574,0.251,1103.8,71.727,
full_ft,roberta-base,rte,1024,500,accuracy,0.4729241877256318,124647170,100.0,3.0,0.4729241877256318,0.6954305768013,,0.4729241877256318,0.2678,1034.209,67.205,
full_ft,roberta-base,rte,123,500,accuracy,0.6101083032490975,124647170,100.0,3.0,0.6101083032490975,0.6590690612792969,,0.6101083032490975,0.252,1099.078,71.42,
full_ft,roberta-base,rte,42,500,accuracy,0.5270758122743683,124647170,100.0,3.0,0.5270758122743683,0.6968813538551331,,0.5270758122743683,0.2162,1281.164,83.253,
full_ft,roberta-base,rte,456,500,accuracy,0.5776173285198556,124647170,100.0,3.0,0.5776173285198556,0.6721662878990173,,0.5776173285198556,0.2276,1216.931,79.079,
full_ft,roberta-base,rte,789,500,accuracy,0.5523465703971119,124647170,100.0,3.0,0.5523465703971119,0.6868552565574646,,0.5523465703971119,0.2625,1055.06,68.56,
gradaware_lora,roberta-base,rte,1024,500,accuracy,0.5884476534296029,887042,0.7066137476531099,10.0,0.5884476534296029,0.9345532655715942,,0.5884476534296029,0.2959,936.1,60.83,
gradaware_lora,roberta-base,rte,123,500,accuracy,0.5992779783393501,887042,0.7066137476531099,10.0,0.5992779783393501,0.8952754139900208,,0.5992779783393501,0.265,1045.355,67.929,
gradaware_lora,roberta-base,rte,42,500,accuracy,0.6498194945848376,887042,0.7066137476531099,10.0,0.6498194945848376,0.9493297934532166,,0.6498194945848376,0.2577,1074.756,69.84,
gradaware_lora,roberta-base,rte,456,500,accuracy,0.6534296028880866,887042,0.7066137476531099,10.0,0.6534296028880866,0.8365554213523865,,0.6534296028880866,0.2629,1053.656,68.469,
gradaware_lora,roberta-base,rte,789,500,accuracy,0.5776173285198556,887042,0.7066137476531099,10.0,0.5776173285198556,0.8904401659965515,,0.5776173285198556,0.2745,1009.12,65.575,
lora,roberta-base,rte,1024,500,accuracy,0.5812274368231047,887042,0.7066137476531099,10.0,0.5812274368231047,0.9361590147018433,,0.5812274368231047,0.2676,1035.307,67.276,
lora,roberta-base,rte,123,500,accuracy,0.6137184115523465,887042,0.7066137476531099,10.0,0.6137184115523465,0.9262953400611877,,0.6137184115523465,0.2564,1080.426,70.208,
lora,roberta-base,rte,42,500,accuracy,0.6389891696750902,887042,0.7066137476531099,10.0,0.6389891696750902,0.9095770120620728,,0.6389891696750902,0.2524,1097.256,71.302,
lora,roberta-base,rte,456,500,accuracy,0.6462093862815884,887042,0.7066137476531099,10.0,0.6462093862815884,0.8706070184707642,,0.6462093862815884,0.2665,1039.586,67.554,
lora,roberta-base,rte,789,500,accuracy,0.5595667870036101,887042,0.7066137476531099,10.0,0.5595667870036101,0.9551034569740295,,0.5595667870036101,0.2739,1011.289,65.716,
topheavy_lora,roberta-base,rte,1024,500,accuracy,0.592057761732852,887042,0.7066137476531099,10.0,0.592057761732852,0.9380795955657959,,0.592057761732852,0.2739,1011.38,65.721,
topheavy_lora,roberta-base,rte,123,500,accuracy,0.5884476534296029,887042,0.7066137476531099,10.0,0.5884476534296029,0.8922435641288757,,0.5884476534296029,0.269,1029.755,66.915,
topheavy_lora,roberta-base,rte,42,500,accuracy,0.6570397111913358,887042,0.7066137476531099,10.0,0.6570397111913358,0.9233918786048889,,0.6570397111913358,0.276,1003.497,65.209,
topheavy_lora,roberta-base,rte,456,500,accuracy,0.631768953068592,887042,0.7066137476531099,10.0,0.631768953068592,0.8627921342849731,,0.631768953068592,0.3026,915.399,59.484,
topheavy_lora,roberta-base,rte,789,500,accuracy,0.5631768953068592,887042,0.7066137476531099,10.0,0.5631768953068592,0.9331879019737244,,0.5631768953068592,0.2781,995.893,64.715,
bitfit,bert-base-uncased,sst2,1024,500,accuracy,0.8153669724770642,104450,0.09540226132861436,10.0,0.8153669724770642,0.437736451625824,,0.8153669724770642,0.6396,1363.272,85.986,
bitfit,bert-base-uncased,sst2,123,500,accuracy,0.8222477064220184,104450,0.09540226132861436,10.0,0.8222477064220184,0.4210148751735687,,0.8222477064220184,0.638,1366.77,86.207,
bitfit,bert-base-uncased,sst2,42,500,accuracy,0.8130733944954128,104450,0.09540226132861436,10.0,0.8130733944954128,0.42107006907463074,,0.8130733944954128,0.8072,1080.308,68.139,
bitfit,bert-base-uncased,sst2,456,500,accuracy,0.7821100917431193,104450,0.09540226132861436,10.0,0.7821100917431193,0.4709261953830719,,0.7821100917431193,0.8141,1071.094,67.558,
bitfit,bert-base-uncased,sst2,789,500,accuracy,0.7924311926605505,104450,0.09540226132861436,10.0,0.7924311926605505,0.43243351578712463,,0.7924311926605505,0.6668,1307.654,82.478,
full_ft,bert-base-uncased,sst2,1024,500,accuracy,0.8532110091743119,109483778,100.0,3.0,0.8532110091743119,0.4294113516807556,,0.8532110091743119,1.0191,855.691,53.971,
full_ft,bert-base-uncased,sst2,123,500,accuracy,0.8474770642201835,109483778,100.0,3.0,0.8474770642201835,0.46000397205352783,,0.8474770642201835,0.746,1168.841,73.723,
full_ft,bert-base-uncased,sst2,42,500,accuracy,0.8612385321100917,109483778,100.0,3.0,0.8612385321100917,0.4265581965446472,,0.8612385321100917,0.7933,1099.148,69.327,
full_ft,bert-base-uncased,sst2,456,500,accuracy,0.8497706422018348,109483778,100.0,3.0,0.8497706422018348,0.3510512113571167,,0.8497706422018348,0.7979,1092.913,68.934,
full_ft,bert-base-uncased,sst2,789,500,accuracy,0.8612385321100917,109483778,100.0,3.0,0.8612385321100917,0.3580351173877716,,0.8612385321100917,0.8075,1079.844,68.109,
gradaware_lora,bert-base-uncased,sst2,1024,500,accuracy,0.8325688073394495,296450,0.2700395193203643,10.0,0.8325688073394495,0.6060842871665955,,0.8325688073394495,0.884,986.418,62.217,
gradaware_lora,bert-base-uncased,sst2,1024,500,accuracy,0.8325688073394495,296450,0.2700395193203643,10.0,0.8325688073394495,0.6060842871665955,,0.8325688073394495,0.8213,1061.691,66.964,
gradaware_lora,bert-base-uncased,sst2,123,500,accuracy,0.8577981651376146,296450,0.2700395193203643,10.0,0.8577981651376146,0.5641410946846008,,0.8577981651376146,1.781,489.606,30.881,
gradaware_lora,bert-base-uncased,sst2,123,500,accuracy,0.8577981651376146,296450,0.2700395193203643,10.0,0.8577981651376146,0.5641410946846008,,0.8577981651376146,2.758,316.174,19.942,
gradaware_lora,bert-base-uncased,sst2,42,500,accuracy,0.8440366972477065,296450,0.2700395193203643,10.0,0.8440366972477065,0.5326023697853088,,0.8440366972477065,2.2655,384.907,24.277,
gradaware_lora,bert-base-uncased,sst2,42,500,accuracy,0.8440366972477065,296450,0.2700395193203643,10.0,0.8440366972477065,0.5326023697853088,,0.8440366972477065,0.8305,1049.959,66.224,
gradaware_lora,bert-base-uncased,sst2,456,500,accuracy,0.841743119266055,296450,0.2700395193203643,10.0,0.841743119266055,0.4897545278072357,,0.841743119266055,0.8896,980.203,61.825,
gradaware_lora,bert-base-uncased,sst2,456,500,accuracy,0.841743119266055,296450,0.2700395193203643,10.0,0.841743119266055,0.4897545278072357,,0.841743119266055,0.8788,992.242,62.584,
gradaware_lora,bert-base-uncased,sst2,789,500,accuracy,0.8474770642201835,296450,0.2700395193203643,10.0,0.8474770642201835,0.49067574739456177,,0.8474770642201835,1.0147,859.34,54.201,
gradaware_lora,bert-base-uncased,sst2,789,500,accuracy,0.8474770642201835,296450,0.2700395193203643,10.0,0.8474770642201835,0.49067574739456177,,0.8474770642201835,0.8114,1074.716,67.786,
lora,bert-base-uncased,sst2,1024,500,accuracy,0.8405963302752294,296450,0.2700395193203643,10.0,0.8405963302752294,0.5769510865211487,,0.8405963302752294,0.7814,1116.003,70.39,
lora,bert-base-uncased,sst2,123,500,accuracy,0.8543577981651376,296450,0.2700395193203643,10.0,0.8543577981651376,0.5549490451812744,,0.8543577981651376,0.7758,1124.023,70.896,
lora,bert-base-uncased,sst2,42,500,accuracy,0.8532110091743119,296450,0.2700395193203643,10.0,0.8532110091743119,0.5310003757476807,,0.8532110091743119,0.7798,1118.174,70.527,
lora,bert-base-uncased,sst2,456,500,accuracy,0.8474770642201835,296450,0.2700395193203643,10.0,0.8474770642201835,0.4930761158466339,,0.8474770642201835,0.7937,1098.694,69.298,
lora,bert-base-uncased,sst2,789,500,accuracy,0.841743119266055,296450,0.2700395193203643,10.0,0.841743119266055,0.4900934100151062,,0.841743119266055,0.8466,1030.032,64.968,
topheavy_lora,bert-base-uncased,sst2,1024,500,accuracy,0.8394495412844036,296450,0.2700395193203643,10.0,0.8394495412844036,0.6294841170310974,,0.8394495412844036,0.8597,1014.314,63.976,
topheavy_lora,bert-base-uncased,sst2,123,500,accuracy,0.8532110091743119,296450,0.2700395193203643,10.0,0.8532110091743119,0.557587206363678,,0.8532110091743119,1.4353,607.523,38.319,
topheavy_lora,bert-base-uncased,sst2,42,500,accuracy,0.8474770642201835,296450,0.2700395193203643,10.0,0.8474770642201835,0.5646050572395325,,0.8474770642201835,0.8733,998.535,62.981,
topheavy_lora,bert-base-uncased,sst2,456,500,accuracy,0.8497706422018348,296450,0.2700395193203643,10.0,0.8497706422018348,0.5154463052749634,,0.8497706422018348,0.8793,991.71,62.551,
topheavy_lora,bert-base-uncased,sst2,789,500,accuracy,0.8451834862385321,296450,0.2700395193203643,10.0,0.8451834862385321,0.4640316665172577,,0.8451834862385321,0.7703,1132.017,71.4,
bitfit,distilbert-base-uncased,sst2,1024,500,accuracy,0.838302752293578,643586,0.961221572515634,10.0,0.838302752293578,0.4459637403488159,,0.838302752293578,0.5375,1622.328,102.326,
bitfit,distilbert-base-uncased,sst2,123,500,accuracy,0.8337155963302753,643586,0.961221572515634,10.0,0.8337155963302753,0.45062312483787537,,0.8337155963302753,0.6042,1443.159,91.025,
bitfit,distilbert-base-uncased,sst2,42,500,accuracy,0.8291284403669725,643586,0.961221572515634,10.0,0.8291284403669725,0.40290752053260803,,0.8291284403669725,0.9922,878.898,55.435,
bitfit,distilbert-base-uncased,sst2,456,500,accuracy,0.8348623853211009,643586,0.961221572515634,10.0,0.8348623853211009,0.4008135199546814,,0.8348623853211009,0.8225,1060.201,66.871,
bitfit,distilbert-base-uncased,sst2,789,500,accuracy,0.8256880733944955,643586,0.961221572515634,10.0,0.8256880733944955,0.4078018069267273,,0.8256880733944955,0.3674,2373.175,149.684,
full_ft,distilbert-base-uncased,sst2,1024,500,accuracy,0.8302752293577982,66955010,100.0,3.0,0.8302752293577982,0.4522305428981781,,0.8302752293577982,0.5606,1555.416,98.105,
full_ft,distilbert-base-uncased,sst2,123,500,accuracy,0.8245412844036697,66955010,100.0,3.0,0.8245412844036697,0.4432477056980133,,0.8245412844036697,0.4598,1896.37,119.61,
full_ft,distilbert-base-uncased,sst2,42,500,accuracy,0.8245412844036697,66955010,100.0,3.0,0.8245412844036697,0.40027499198913574,,0.8245412844036697,0.8085,1078.485,68.024,
full_ft,distilbert-base-uncased,sst2,456,500,accuracy,0.8291284403669725,66955010,100.0,3.0,0.8291284403669725,0.4306441843509674,,0.8291284403669725,0.6929,1258.526,79.379,
full_ft,distilbert-base-uncased,sst2,789,500,accuracy,0.819954128440367,66955010,100.0,3.0,0.819954128440367,0.4318394660949707,,0.819954128440367,0.512,1703.104,107.421,
gradaware_lora,distilbert-base-uncased,sst2,1024,500,accuracy,0.8405963302752294,739586,1.0925332946813067,10.0,0.8405963302752294,0.5660673379898071,,0.8405963302752294,0.5303,1644.438,103.72,
gradaware_lora,distilbert-base-uncased,sst2,1024,500,accuracy,0.8405963302752294,739586,1.0925332946813067,10.0,0.8405963302752294,0.5660673379898071,,0.8405963302752294,0.5113,1705.478,107.57,
gradaware_lora,distilbert-base-uncased,sst2,123,500,accuracy,0.841743119266055,739586,1.0925332946813067,10.0,0.841743119266055,0.5638711452484131,,0.841743119266055,0.7392,1179.657,74.405,
gradaware_lora,distilbert-base-uncased,sst2,123,500,accuracy,0.841743119266055,739586,1.0925332946813067,10.0,0.841743119266055,0.5638711452484131,,0.841743119266055,0.5524,1578.43,99.557,
gradaware_lora,distilbert-base-uncased,sst2,42,500,accuracy,0.8428899082568807,739586,1.0925332946813067,10.0,0.8428899082568807,0.4847935736179352,,0.8428899082568807,0.5242,1663.51,104.923,
gradaware_lora,distilbert-base-uncased,sst2,42,500,accuracy,0.8428899082568807,739586,1.0925332946813067,10.0,0.8428899082568807,0.4847935736179352,,0.8428899082568807,0.486,1794.182,113.165,
gradaware_lora,distilbert-base-uncased,sst2,456,500,accuracy,0.8325688073394495,739586,1.0925332946813067,10.0,0.8325688073394495,0.5044500231742859,,0.8325688073394495,0.8216,1061.391,66.946,
gradaware_lora,distilbert-base-uncased,sst2,456,500,accuracy,0.8325688073394495,739586,1.0925332946813067,10.0,0.8325688073394495,0.5044500231742859,,0.8325688073394495,0.5587,1560.667,98.437,
gradaware_lora,distilbert-base-uncased,sst2,789,500,accuracy,0.8337155963302753,739586,1.0925332946813067,10.0,0.8337155963302753,0.4889734983444214,,0.8337155963302753,0.6506,1340.342,84.54,
gradaware_lora,distilbert-base-uncased,sst2,789,500,accuracy,0.8337155963302753,739586,1.0925332946813067,10.0,0.8337155963302753,0.4889734983444214,,0.8337155963302753,0.4932,1768.09,111.519,
lora,distilbert-base-uncased,sst2,1024,500,accuracy,0.8405963302752294,739586,1.0925332946813067,10.0,0.8405963302752294,0.5391555428504944,,0.8405963302752294,0.7474,1166.774,73.592,
lora,distilbert-base-uncased,sst2,1024,500,accuracy,0.8405963302752294,739586,1.0925332946813067,10.0,0.8405963302752294,0.5391555428504944,,0.8405963302752294,0.4847,1799.04,113.472,
lora,distilbert-base-uncased,sst2,123,500,accuracy,0.8463302752293578,739586,1.0925332946813067,10.0,0.8463302752293578,0.540276288986206,,0.8463302752293578,0.902,966.766,60.977,
lora,distilbert-base-uncased,sst2,123,500,accuracy,0.8463302752293578,739586,1.0925332946813067,10.0,0.8463302752293578,0.540276288986206,,0.8463302752293578,0.475,1835.662,115.781,
lora,distilbert-base-uncased,sst2,42,500,accuracy,0.8360091743119266,739586,1.0925332946813067,10.0,0.8360091743119266,0.49540936946868896,,0.8360091743119266,0.912,956.182,60.31,
lora,distilbert-base-uncased,sst2,42,500,accuracy,0.8360091743119266,739586,1.0925332946813067,10.0,0.8360091743119266,0.49540936946868896,,0.8360091743119266,0.4846,1799.6,113.507,
lora,distilbert-base-uncased,sst2,456,500,accuracy,0.8337155963302753,739586,1.0925332946813067,10.0,0.8337155963302753,0.5146995782852173,,0.8337155963302753,0.7927,1100.057,69.384,
lora,distilbert-base-uncased,sst2,456,500,accuracy,0.8337155963302753,739586,1.0925332946813067,10.0,0.8337155963302753,0.5146995782852173,,0.8337155963302753,0.489,1783.116,112.467,
lora,distilbert-base-uncased,sst2,789,500,accuracy,0.8348623853211009,739586,1.0925332946813067,10.0,0.8348623853211009,0.49403905868530273,,0.8348623853211009,0.7895,1104.442,69.661,
lora,distilbert-base-uncased,sst2,789,500,accuracy,0.8348623853211009,739586,1.0925332946813067,10.0,0.8348623853211009,0.4940860867500305,,0.8348623853211009,0.5195,1678.418,105.863,
topheavy_lora,distilbert-base-uncased,sst2,1024,500,accuracy,0.8428899082568807,739586,1.0925332946813067,10.0,0.8428899082568807,0.5397305488586426,,0.8428899082568807,0.5604,1556.149,98.152,
topheavy_lora,distilbert-base-uncased,sst2,123,500,accuracy,0.8451834862385321,739586,1.0925332946813067,10.0,0.8451834862385321,0.5384756922721863,,0.8451834862385321,0.8356,1043.527,65.819,
topheavy_lora,distilbert-base-uncased,sst2,42,500,accuracy,0.841743119266055,739586,1.0925332946813067,10.0,0.841743119266055,0.48152413964271545,,0.841743119266055,0.7551,1154.86,72.841,
topheavy_lora,distilbert-base-uncased,sst2,456,500,accuracy,0.8337155963302753,739586,1.0925332946813067,10.0,0.8337155963302753,0.5204840898513794,,0.8337155963302753,1.1219,777.219,49.022,
topheavy_lora,distilbert-base-uncased,sst2,789,500,accuracy,0.8348623853211009,739586,1.0925332946813067,10.0,0.8348623853211009,0.4802342653274536,,0.8348623853211009,0.774,1126.666,71.063,
bitfit,roberta-base,sst2,1024,500,accuracy,0.8807339449541285,694274,0.5569913861662483,10.0,0.8807339449541285,0.37170904874801636,,0.8807339449541285,0.6612,1318.826,83.183,
bitfit,roberta-base,sst2,123,500,accuracy,0.8899082568807339,694274,0.5569913861662483,10.0,0.8899082568807339,0.35739102959632874,,0.8899082568807339,0.6986,1248.22,78.729,
bitfit,roberta-base,sst2,42,500,accuracy,0.8956422018348624,694274,0.5569913861662483,10.0,0.8956422018348624,0.36720991134643555,,0.8956422018348624,0.6143,1419.508,89.533,
bitfit,roberta-base,sst2,456,500,accuracy,0.8864678899082569,694274,0.5569913861662483,10.0,0.8864678899082569,0.29133084416389465,,0.8864678899082569,0.6881,1267.171,79.925,
bitfit,roberta-base,sst2,789,500,accuracy,0.8784403669724771,694274,0.5569913861662483,10.0,0.8784403669724771,0.4197881817817688,,0.8784403669724771,0.6234,1398.67,88.219,
full_ft,roberta-base,sst2,1024,500,accuracy,0.8577981651376146,124647170,100.0,3.0,0.8577981651376146,0.6331682801246643,,0.8577981651376146,1.0041,868.411,54.774,
full_ft,roberta-base,sst2,123,500,accuracy,0.8669724770642202,124647170,100.0,3.0,0.8669724770642202,0.4759715497493744,,0.8669724770642202,0.7564,1152.856,72.715,
full_ft,roberta-base,sst2,42,500,accuracy,0.8944954128440367,124647170,100.0,3.0,0.8944954128440367,0.423662930727005,,0.8944954128440367,1.0209,854.128,53.873,
full_ft,roberta-base,sst2,456,500,accuracy,0.8876146788990825,124647170,100.0,3.0,0.8876146788990825,0.4084221422672272,,0.8876146788990825,0.9979,873.826,55.115,
full_ft,roberta-base,sst2,789,500,accuracy,0.8899082568807339,124647170,100.0,3.0,0.8899082568807339,0.4544180631637573,,0.8899082568807339,0.9694,899.532,56.737,
gradaware_lora,roberta-base,sst2,1024,500,accuracy,0.8899082568807339,887042,0.7066137476531099,10.0,0.8899082568807339,0.542533814907074,,0.8899082568807339,0.7569,1152.076,72.665,
gradaware_lora,roberta-base,sst2,123,500,accuracy,0.8956422018348624,887042,0.7066137476531099,10.0,0.8956422018348624,0.4857233762741089,,0.8956422018348624,0.7695,1133.21,71.475,
gradaware_lora,roberta-base,sst2,42,500,accuracy,0.9071100917431193,887042,0.7066137476531099,10.0,0.9071100917431193,0.4849582016468048,,0.9071100917431193,0.7775,1121.595,70.743,
gradaware_lora,roberta-base,sst2,456,500,accuracy,0.9025229357798165,887042,0.7066137476531099,10.0,0.9025229357798165,0.3443724513053894,,0.9025229357798165,0.7936,1098.757,69.302,
gradaware_lora,roberta-base,sst2,789,500,accuracy,0.8910550458715596,887042,0.7066137476531099,10.0,0.8910550458715596,0.5522111058235168,,0.8910550458715596,2.7513,316.939,19.99,
lora,roberta-base,sst2,1024,500,accuracy,0.8853211009174312,887042,0.7066137476531099,10.0,0.8853211009174312,0.5506859421730042,,0.8853211009174312,0.7931,1099.502,69.349,
lora,roberta-base,sst2,123,500,accuracy,0.8944954128440367,887042,0.7066137476531099,10.0,0.8944954128440367,0.467164546251297,,0.8944954128440367,0.79,1103.746,69.617,
lora,roberta-base,sst2,42,500,accuracy,0.9036697247706422,887042,0.7066137476531099,10.0,0.9036697247706422,0.5054718852043152,,0.9036697247706422,0.8674,1005.248,63.404,
lora,roberta-base,sst2,456,500,accuracy,0.9036697247706422,887042,0.7066137476531099,10.0,0.9036697247706422,0.3594832718372345,,0.9036697247706422,0.728,1197.811,75.55,
lora,roberta-base,sst2,789,500,accuracy,0.8876146788990825,887042,0.7066137476531099,10.0,0.8876146788990825,0.584915816783905,,0.8876146788990825,0.7778,1121.161,70.715,
topheavy_lora,roberta-base,sst2,1024,500,accuracy,0.893348623853211,887042,0.7066137476531099,10.0,0.893348623853211,0.49749454855918884,,0.893348623853211,0.844,1033.156,65.165,
topheavy_lora,roberta-base,sst2,123,500,accuracy,0.8944954128440367,887042,0.7066137476531099,10.0,0.8944954128440367,0.4465973973274231,,0.8944954128440367,0.9074,961.026,60.615,
topheavy_lora,roberta-base,sst2,42,500,accuracy,0.9048165137614679,887042,0.7066137476531099,10.0,0.9048165137614679,0.4790332317352295,,0.9048165137614679,0.8537,1021.475,64.428,
topheavy_lora,roberta-base,sst2,456,500,accuracy,0.9002293577981652,887042,0.7066137476531099,10.0,0.9002293577981652,0.3373756408691406,,0.9002293577981652,0.8259,1055.766,66.591,
topheavy_lora,roberta-base,sst2,789,500,accuracy,0.8818807339449541,887042,0.7066137476531099,10.0,0.8818807339449541,0.5984978675842285,,0.8818807339449541,0.7379,1181.703,74.534,
